Epoch,Train_Acc,Dev_Acc
0,7.000000000000001,28.88888888888889
