Epoch,Train_Acc,Dev_Acc
0,34.5,34.44444444444444
1,34.5,34.44444444444444
2,34.0,34.44444444444444
