Epoch,Train_Acc,Dev_Acc
0,35.0,34.44444444444444
1,35.0,34.44444444444444
