Epoch,Train_Acc,Dev_Acc
0,48.0,22.22222222222222
1,31.5,54.44444444444444
2,41.0,23.333333333333332
