Epoch,Train_Acc,Dev_Acc
0,55.00000000000001,54.44444444444444
1,56.00000000000001,54.44444444444444
2,56.00000000000001,54.44444444444444
3,53.5,54.44444444444444
4,56.00000000000001,54.44444444444444
5,56.00000000000001,54.44444444444444
